state,ArgentinaTTO,ArgentinaVAS,Australia,Belgium,Brazil,Canada,Chile,China,DenmarkTTO,DenmarkVAS,Europe,Finland,GermanyTTO,GermanyVAS,France,Italy,Japan,Korea,Malaysia,Netherlands,NewZealand,Poland,Portugal,Slovenia,Singapore,SpainTTO,SpainVAS,SriLanka,Sweden,Taiwan,Thailand,Trinidad_and_Tobago,UKTTO,UKVAS,USA,Zimbabwe
11111,1,1,1,1,1,1,1,1,1,1,1,1,1,1,1,1,1,1,1,1,1,1,1,1,1,1,1,1,1,1,1,1,1,1,1,1
11112,0.931,0.841,0.798,0.745,0.801,0.826,0.808,0.875,0.818,0.684,0.783,0.682,0.999,0.757,0.91,0.905,0.785,0.907,0.852,0.805,0.704,0.925,0.767,0.779,0.8499,0.914,0.799,0.804,0.9141,0.661,0.766,0.896,0.848,0.782,0.844,0.854
11113,0.505,0.504,0.498,0.386,0.756,0.609,0.582,0.734,0.519,0.593,0.514,0.646,0.611,0.433,0.622,0.787,0.736,0.742,0.731,0.37,0.395,0.744,0.368,0.686,0.4311,0.541,0.536,0.654,0.3286,0.343,0.549,0.768,0.414,0.506,0.55,0.727
11121,0.883,0.807,0.828,0.764,0.787,0.844,0.798,0.869,0.824,0.697,0.779,0.731,0.887,0.902,0.888,0.902,0.768,0.913,0.879,0.843,0.716,0.894,0.694,0.761,0.8538,0.887,0.79,0.791,0.9348,0.694,0.726,0.843,0.796,0.761,0.827,0.833
11122,0.831,0.716,0.731,0.661,0.737,0.781,0.698,0.783,0.756,0.606,0.69,0.571,0.887,0.737,0.798,0.85,0.705,0.87,0.798,0.719,0.624,0.868,0.657,0.668,0.7037,0.825,0.739,0.747,0.8796,0.54,0.694,0.832,0.725,0.698,0.8,0.787
11123,0.444,0.583,0.43,0.302,0.692,0.564,0.472,0.642,0.457,0.515,0.421,0.535,0.499,0.422,0.51,0.732,0.656,0.705,0.677,0.284,0.316,0.687,0.498,0.575,0.2849,0.452,0.476,0.597,0.2941,0.222,0.477,0.704,0.291,0.422,0.517,0.66
11131,0.431,0.463,0.446,0.424,0.683,0.591,0.537,0.703,0.49,0.619,0.48,0.689,0.361,0.432,0.561,0.666,0.654,0.749,0.69,0.366,0.42,0.462,0.297,0.65,0.4804,0.424,0.519,0.548,0.4459,0.364,0.45,0.677,0.264,0.459,0.463,0.598
11132,0.419,0.576,0.349,0.321,0.633,0.528,0.437,0.617,0.422,0.528,0.39,0.529,0.361,0.353,0.471,0.614,0.591,0.706,0.609,0.242,0.328,0.436,0.501,0.557,0.3303,0.362,0.468,0.504,0.3907,0.21,0.418,0.666,0.193,0.396,0.446,0.552
11133,0.281,0.372,0.234,0.218,0.588,0.311,0.265,0.498,0.123,0.437,0.351,0.493,0.296,0.202,0.357,0.496,0.542,0.591,0.604,0.041,0.236,0.255,0.135,0.464,0.202,0.28,0.416,0.354,0.2382,0.082,0.34,0.538,0.028,0.335,0.289,0.425
11211,0.901,0.782,0.842,0.817,0.754,0.817,0.782,0.887,0.838,0.711,0.846,0.795,0.999,0.815,0.844,0.915,0.804,0.899,0.88,0.897,0.782,0.905,0.702,0.818,0.7445,0.905,0.795,0.777,0.8681,0.73,0.739,0.864,0.883,0.814,0.86,0.857
11212,0.85,0.691,0.745,0.714,0.704,0.754,0.682,0.801,0.77,0.62,0.757,0.635,0.999,0.666,0.754,0.863,0.741,0.856,0.799,0.773,0.69,0.879,0.665,0.725,0.5944,0.843,0.744,0.733,0.8129,0.576,0.707,0.853,0.812,0.751,0.833,0.811
11213,0.463,0.559,0.445,0.355,0.659,0.537,0.456,0.66,0.471,0.529,0.488,0.599,0.611,0.381,0.466,0.745,0.692,0.691,0.678,0.338,0.382,0.698,0.506,0.632,0.1756,0.47,0.48,0.583,0.2274,0.258,0.49,0.725,0.378,0.475,0.55,0.684
11221,0.802,0.658,0.775,0.733,0.69,0.772,0.672,0.795,0.776,0.633,0.753,0.684,0.887,0.794,0.732,0.86,0.724,0.862,0.826,0.811,0.702,0.848,0.592,0.707,0.5983,0.816,0.735,0.72,0.8336,0.609,0.667,0.8,0.76,0.73,0.816,0.79
11222,0.77,0.606,0.678,0.63,0.64,0.709,0.572,0.709,0.708,0.542,0.664,0.524,0.887,0.649,0.642,0.808,0.661,0.819,0.745,0.687,0.61,0.822,0.555,0.614,0.4482,0.754,0.684,0.676,0.7784,0.455,0.635,0.789,0.689,0.667,0.768,0.744
11223,0.48,0.519,0.377,0.271,0.595,0.492,0.346,0.568,0.409,0.451,0.395,0.488,0.499,0.372,0.354,0.69,0.612,0.654,0.624,0.252,0.302,0.641,0.396,0.521,0.0294,0.381,0.421,0.526,0.1929,0.137,0.418,0.661,0.255,0.391,0.506,0.617
11231,0.39,0.518,0.393,0.393,0.586,0.519,0.411,0.629,0.442,0.555,0.453,0.642,0.361,0.381,0.405,0.624,0.61,0.698,0.637,0.334,0.406,0.416,0.435,0.596,0.2249,0.353,0.464,0.477,0.3447,0.279,0.391,0.634,0.228,0.428,0.463,0.555
11232,0.455,0.512,0.296,0.29,0.536,0.456,0.311,0.543,0.374,0.464,0.364,0.482,0.361,0.311,0.315,0.572,0.547,0.655,0.556,0.21,0.314,0.39,0.398,0.503,0.0748,0.291,0.412,0.433,0.2895,0.125,0.359,0.623,0.157,0.365,0.435,0.509
11233,0.239,0.427,0.181,0.187,0.491,0.239,0.139,0.424,0.075,0.373,0.324,0.446,0.296,0.178,0.201,0.454,0.498,0.54,0.551,0.009,0.222,0.209,0.274,0.41,-0.0535,0.209,0.361,0.283,0.137,-0.003,0.281,0.495,-0.008,0.304,0.289,0.382
11311,0.573,0.471,0.756,0.53,0.667,0.784,0.524,0.746,0.742,0.647,0.557,0.711,0.676,0.513,0.637,0.802,0.715,0.692,0.695,0.638,0.552,0.739,0.241,0.764,0.3886,0.49,0.528,0.429,0.4008,0.417,0.541,0.79,0.556,0.549,0.626,0.765
11312,0.561,0.584,0.66,0.427,0.617,0.721,0.424,0.66,0.674,0.556,0.468,0.551,0.676,0.419,0.547,0.75,0.652,0.649,0.614,0.514,0.46,0.713,0.444,0.671,0.2385,0.428,0.477,0.385,0.3456,0.263,0.509,0.779,0.485,0.486,0.609,0.719
11313,0.422,0.38,0.402,0.324,0.572,0.504,0.252,0.541,0.375,0.465,0.428,0.515,0.611,0.24,0.433,0.632,0.603,0.534,0.609,0.313,0.368,0.532,0.079,0.578,0.1102,0.346,0.425,0.235,0.1931,0.135,0.431,0.651,0.32,0.425,0.452,0.592
11321,0.513,0.55,0.689,0.446,0.603,0.739,0.414,0.654,0.68,0.569,0.464,0.6,0.564,0.5,0.525,0.747,0.635,0.655,0.641,0.552,0.472,0.682,0.371,0.653,0.2424,0.401,0.468,0.372,0.3663,0.296,0.469,0.726,0.433,0.465,0.592,0.698
11322,0.579,0.544,0.592,0.343,0.553,0.676,0.314,0.568,0.612,0.478,0.375,0.44,0.564,0.408,0.435,0.695,0.572,0.612,0.56,0.428,0.38,0.656,0.334,0.56,0.0923,0.339,0.417,0.328,0.3111,0.142,0.437,0.715,0.362,0.402,0.565,0.652
11323,0.362,0.459,0.334,0.24,0.508,0.459,0.142,0.449,0.313,0.387,0.335,0.404,0.499,0.234,0.321,0.577,0.523,0.497,0.555,0.227,0.288,0.475,0.209,0.467,-0.036,0.257,0.366,0.178,0.1586,0.014,0.359,0.587,0.197,0.341,0.418,0.525
11331,0.349,0.339,0.332,0.362,0.499,0.486,0.207,0.51,0.346,0.491,0.394,0.558,0.361,0.239,0.372,0.511,0.521,0.541,0.568,0.309,0.393,0.25,0.008,0.542,0.1595,0.229,0.408,0.207,0.3104,0.156,0.332,0.56,0.17,0.378,0.365,0.463
11332,0.337,0.452,0.236,0.259,0.449,0.423,0.107,0.424,0.278,0.4,0.304,0.398,0.361,0.196,0.282,0.459,0.458,0.498,0.487,0.185,0.301,0.224,0.212,0.449,0.0094,0.167,0.357,0.163,0.2552,0.002,0.3,0.549,0.099,0.315,0.348,0.417
11333,0.188,0.266,0.163,0.156,0.404,0.206,-0.011,0.305,-0.021,0.309,0.265,0.362,0.296,0.112,0.168,0.341,0.409,0.383,0.482,-0.016,0.209,0.043,-0.086,0.356,-0.1189,0.085,0.306,0.013,0.1027,-0.126,0.222,0.421,-0.066,0.254,0.22,0.29
12111,0.885,0.807,0.808,0.765,0.739,0.818,0.79,0.856,0.823,0.663,0.755,0.744,0.912,0.748,0.788,0.9,0.794,0.904,0.836,0.847,0.724,0.897,0.646,0.779,0.8385,0.842,0.749,0.729,0.9417,0.648,0.677,0.843,0.815,0.752,0.825,0.808
12112,0.833,0.716,0.711,0.662,0.689,0.755,0.69,0.77,0.755,0.572,0.666,0.584,0.912,0.611,0.698,0.848,0.731,0.861,0.755,0.723,0.633,0.871,0.609,0.686,0.6884,0.78,0.697,0.685,0.8865,0.494,0.645,0.832,0.744,0.689,0.797,0.762
12113,0.446,0.583,0.411,0.303,0.644,0.538,0.464,0.629,0.456,0.481,0.397,0.548,0.524,0.35,0.41,0.73,0.682,0.696,0.634,0.288,0.324,0.69,0.451,0.593,0.2696,0.407,0.434,0.535,0.301,0.176,0.428,0.704,0.31,0.413,0.514,0.635
12121,0.785,0.682,0.741,0.681,0.675,0.773,0.68,0.764,0.761,0.585,0.662,0.633,0.8,0.729,0.676,0.845,0.714,0.867,0.782,0.761,0.645,0.84,0.536,0.668,0.6923,0.753,0.689,0.672,0.9072,0.527,0.605,0.779,0.692,0.668,0.781,0.741
12122,0.753,0.63,0.644,0.578,0.625,0.71,0.58,0.678,0.693,0.494,0.573,0.473,0.8,0.596,0.586,0.793,0.651,0.824,0.701,0.637,0.553,0.814,0.499,0.575,0.5422,0.691,0.638,0.628,0.852,0.373,0.573,0.768,0.621,0.605,0.732,0.695
12123,0.463,0.544,0.343,0.219,0.58,0.493,0.354,0.537,0.394,0.403,0.304,0.437,0.412,0.341,0.298,0.675,0.602,0.659,0.58,0.202,0.244,0.633,0.341,0.482,0.1234,0.318,0.375,0.478,0.2665,0.055,0.356,0.64,0.187,0.329,0.47,0.568
12131,0.373,0.542,0.359,0.341,0.571,0.52,0.419,0.598,0.427,0.507,0.362,0.591,0.274,0.349,0.349,0.609,0.6,0.703,0.593,0.284,0.348,0.408,0.38,0.557,0.3189,0.29,0.418,0.429,0.4183,0.197,0.329,0.613,0.16,0.366,0.427,0.506
12132,0.438,0.537,0.262,0.238,0.521,0.457,0.319,0.512,0.359,0.416,0.273,0.431,0.274,0.286,0.259,0.557,0.537,0.66,0.512,0.16,0.256,0.382,0.343,0.464,0.1688,0.228,0.366,0.385,0.3631,0.043,0.297,0.602,0.089,0.303,0.4,0.46
12133,0.222,0.451,0.154,0.135,0.476,0.24,0.147,0.393,0.06,0.325,0.233,0.395,0.209,0.164,0.145,0.439,0.488,0.545,0.507,-0.041,0.164,0.201,0.218,0.371,0.0405,0.146,0.315,0.235,0.2106,-0.085,0.219,0.474,-0.076,0.242,0.253,0.333
12211,0.803,0.658,0.755,0.734,0.642,0.746,0.664,0.782,0.775,0.599,0.728,0.697,0.912,0.658,0.632,0.858,0.75,0.853,0.783,0.815,0.711,0.851,0.544,0.725,0.583,0.771,0.694,0.658,0.8405,0.563,0.618,0.8,0.779,0.721,0.814,0.765
12212,0.772,0.606,0.658,0.631,0.592,0.683,0.564,0.696,0.707,0.508,0.639,0.537,0.912,0.538,0.542,0.806,0.687,0.81,0.702,0.691,0.619,0.825,0.507,0.632,0.4329,0.709,0.642,0.614,0.7853,0.409,0.586,0.789,0.708,0.658,0.765,0.719
12213,0.482,0.52,0.358,0.272,0.547,0.466,0.338,0.555,0.408,0.417,0.371,0.501,0.524,0.308,0.254,0.688,0.638,0.645,0.581,0.256,0.31,0.644,0.348,0.539,0.0141,0.336,0.379,0.464,0.1998,0.091,0.369,0.661,0.274,0.382,0.503,0.592
12221,0.723,0.572,0.687,0.65,0.578,0.701,0.554,0.69,0.713,0.521,0.635,0.586,0.8,0.642,0.52,0.803,0.67,0.816,0.729,0.729,0.631,0.794,0.434,0.614,0.4368,0.682,0.634,0.601,0.806,0.442,0.546,0.736,0.656,0.637,0.748,0.698
12222,0.711,0.561,0.591,0.547,0.528,0.638,0.454,0.604,0.645,0.43,0.546,0.426,0.8,0.524,0.43,0.751,0.607,0.773,0.648,0.605,0.539,0.768,0.397,0.521,0.2867,0.62,0.583,0.557,0.7508,0.288,0.514,0.725,0.585,0.574,0.678,0.652
12223,0.519,0.52,0.29,0.188,0.483,0.421,0.228,0.463,0.346,0.339,0.278,0.39,0.412,0.3,0.142,0.633,0.558,0.608,0.527,0.17,0.231,0.587,0.238,0.428,-0.1321,0.247,0.32,0.407,0.1653,-0.03,0.297,0.597,0.151,0.298,0.438,0.525
12231,0.409,0.478,0.306,0.31,0.474,0.448,0.293,0.524,0.379,0.443,0.336,0.544,0.274,0.308,0.193,0.567,0.556,0.652,0.54,0.252,0.335,0.362,0.278,0.503,0.0634,0.219,0.362,0.358,0.3171,0.112,0.27,0.57,0.124,0.335,0.416,0.463
12232,0.494,0.513,0.209,0.207,0.424,0.385,0.193,0.438,0.311,0.352,0.247,0.384,0.274,0.251,0.103,0.515,0.493,0.609,0.459,0.128,0.243,0.336,0.241,0.41,-0.0867,0.157,0.311,0.314,0.2619,-0.042,0.238,0.559,0.053,0.272,0.368,0.417
12233,0.258,0.388,0.101,0.104,0.379,0.168,0.021,0.319,0.012,0.261,0.207,0.348,0.209,0.144,-0.011,0.397,0.444,0.494,0.454,-0.073,0.151,0.155,0.116,0.317,-0.215,0.075,0.26,0.164,0.1094,-0.17,0.16,0.431,-0.112,0.211,0.242,0.29
12311,0.515,0.55,0.669,0.447,0.555,0.713,0.406,0.641,0.679,0.535,0.44,0.613,0.589,0.414,0.425,0.745,0.661,0.646,0.598,0.556,0.481,0.685,0.324,0.671,0.2271,0.356,0.426,0.31,0.3732,0.25,0.42,0.726,0.452,0.456,0.59,0.673
12312,0.58,0.544,0.573,0.344,0.505,0.65,0.306,0.555,0.611,0.444,0.351,0.453,0.589,0.339,0.335,0.693,0.598,0.603,0.517,0.432,0.389,0.659,0.287,0.578,0.077,0.294,0.375,0.266,0.318,0.096,0.388,0.715,0.381,0.393,0.563,0.627
12313,0.364,0.459,0.315,0.241,0.46,0.433,0.134,0.436,0.312,0.353,0.311,0.417,0.524,0.194,0.221,0.575,0.549,0.488,0.512,0.231,0.297,0.478,0.162,0.485,-0.0513,0.212,0.324,0.116,0.1655,-0.032,0.31,0.587,0.216,0.332,0.416,0.5
12321,0.532,0.511,0.602,0.363,0.491,0.668,0.296,0.549,0.617,0.457,0.347,0.502,0.477,0.404,0.313,0.69,0.581,0.609,0.544,0.47,0.401,0.628,0.214,0.56,0.0809,0.267,0.367,0.253,0.3387,0.129,0.348,0.662,0.329,0.372,0.546,0.606
12322,0.618,0.545,0.505,0.26,0.441,0.605,0.196,0.463,0.549,0.366,0.258,0.342,0.477,0.33,0.223,0.638,0.518,0.566,0.463,0.346,0.309,0.602,0.177,0.467,-0.0692,0.205,0.316,0.209,0.2835,-0.025,0.316,0.651,0.258,0.309,0.497,0.56
12323,0.381,0.42,0.247,0.157,0.396,0.388,0.024,0.344,0.25,0.275,0.218,0.306,0.412,0.189,0.109,0.52,0.469,0.451,0.458,0.145,0.217,0.421,0.052,0.374,-0.1975,0.123,0.264,0.059,0.131,-0.153,0.238,0.523,0.093,0.248,0.372,0.433
12331,0.291,0.418,0.245,0.279,0.387,0.415,0.089,0.405,0.283,0.379,0.276,0.46,0.274,0.193,0.16,0.454,0.467,0.495,0.471,0.227,0.321,0.196,0.091,0.449,-0.002,0.095,0.307,0.088,0.2828,-0.011,0.211,0.496,0.066,0.285,0.329,0.371
12332,0.356,0.413,0.149,0.176,0.337,0.352,-0.011,0.319,0.215,0.288,0.187,0.3,0.274,0.158,0.07,0.402,0.404,0.452,0.39,0.103,0.229,0.17,0.054,0.356,-0.1521,0.033,0.256,0.044,0.2276,-0.165,0.179,0.485,-0.005,0.222,0.302,0.325
12333,0.129,0.345,0.076,0.073,0.292,0.135,-0.129,0.2,-0.084,0.197,0.147,0.264,0.209,0.091,-0.044,0.284,0.355,0.337,0.385,-0.098,0.137,-0.011,-0.004,0.263,-0.2804,-0.049,0.205,-0.106,0.0751,-0.293,0.101,0.357,-0.17,0.161,0.184,0.198
13111,0.431,0.442,0.628,0.426,0.633,0.665,0.514,0.731,0.694,0.551,0.487,0.699,0.502,0.435,0.5,0.711,0.746,0.764,0.657,0.543,0.437,0.716,0.204,0.686,0.363,0.376,0.436,0.511,0.5087,0.349,0.417,0.735,0.436,0.485,0.529,0.669
13112,0.419,0.555,0.531,0.323,0.583,0.602,0.414,0.645,0.626,0.46,0.398,0.539,0.502,0.356,0.41,0.659,0.683,0.721,0.576,0.419,0.345,0.69,0.407,0.593,0.2129,0.314,0.384,0.467,0.4535,0.195,0.385,0.724,0.365,0.422,0.512,0.623
13113,0.28,0.351,0.336,0.22,0.538,0.385,0.242,0.526,0.327,0.369,0.358,0.503,0.437,0.204,0.296,0.541,0.634,0.606,0.571,0.218,0.253,0.509,0.042,0.5,0.0846,0.232,0.333,0.317,0.301,0.067,0.307,0.596,0.2,0.361,0.355,0.496
13121,0.37,0.521,0.561,0.342,0.569,0.62,0.404,0.639,0.632,0.473,0.394,0.588,0.39,0.424,0.388,0.656,0.666,0.727,0.603,0.457,0.357,0.659,0.334,0.575,0.2168,0.287,0.376,0.454,0.4742,0.228,0.345,0.671,0.313,0.401,0.496,0.602
13122,0.436,0.515,0.464,0.239,0.519,0.557,0.304,0.553,0.564,0.382,0.305,0.428,0.39,0.347,0.298,0.604,0.603,0.684,0.522,0.333,0.265,0.633,0.297,0.482,0.0667,0.225,0.325,0.41,0.419,0.074,0.313,0.66,0.242,0.338,0.468,0.556
13123,0.219,0.43,0.268,0.136,0.474,0.34,0.132,0.434,0.265,0.291,0.265,0.392,0.325,0.199,0.184,0.486,0.554,0.569,0.517,0.132,0.173,0.452,0.172,0.389,-0.0616,0.143,0.273,0.26,0.2665,-0.054,0.235,0.532,0.077,0.277,0.321,0.429
13131,0.207,0.31,0.269,0.258,0.465,0.367,0.197,0.495,0.298,0.395,0.324,0.546,0.187,0.203,0.235,0.42,0.552,0.613,0.53,0.214,0.277,0.227,-0.029,0.464,0.1339,0.115,0.316,0.211,0.4183,0.088,0.208,0.505,0.05,0.314,0.268,0.367
13132,0.195,0.423,0.172,0.155,0.415,0.304,0.097,0.409,0.23,0.304,0.235,0.386,0.187,0.166,0.145,0.368,0.489,0.57,0.449,0.09,0.185,0.201,0.175,0.371,-0.0162,0.053,0.265,0.167,0.3631,-0.066,0.176,0.494,-0.021,0.251,0.251,0.321
13133,0.045,0.237,0.154,0.052,0.37,0.087,-0.021,0.29,-0.069,0.213,0.195,0.35,0.122,0.095,0.031,0.25,0.44,0.455,0.444,-0.111,0.093,0.02,-0.123,0.278,-0.1445,-0.029,0.214,0.017,0.2106,-0.194,0.098,0.366,-0.186,0.19,0.123,0.194
13211,0.389,0.497,0.575,0.395,0.536,0.593,0.388,0.657,0.646,0.487,0.461,0.652,0.502,0.383,0.344,0.669,0.702,0.713,0.604,0.511,0.423,0.67,0.342,0.632,0.1075,0.305,0.38,0.392,0.4075,0.264,0.358,0.692,0.4,0.454,0.529,0.626
13212,0.455,0.491,0.478,0.292,0.486,0.53,0.288,0.571,0.578,0.396,0.372,0.492,0.502,0.313,0.254,0.617,0.639,0.67,0.523,0.387,0.331,0.644,0.305,0.539,-0.0426,0.243,0.329,0.348,0.3523,0.11,0.326,0.681,0.329,0.391,0.501,0.58
13213,0.238,0.406,0.283,0.189,0.441,0.313,0.116,0.452,0.279,0.305,0.332,0.456,0.437,0.179,0.14,0.499,0.59,0.555,0.518,0.186,0.239,0.463,0.18,0.446,-0.1709,0.161,0.278,0.198,0.1998,-0.018,0.248,0.553,0.164,0.33,0.354,0.453
13221,0.406,0.457,0.508,0.311,0.472,0.548,0.278,0.565,0.584,0.409,0.368,0.541,0.39,0.373,0.232,0.614,0.622,0.676,0.55,0.425,0.343,0.613,0.232,0.521,-0.0387,0.216,0.321,0.335,0.373,0.143,0.286,0.628,0.277,0.37,0.485,0.559
13222,0.492,0.492,0.411,0.208,0.422,0.485,0.178,0.479,0.516,0.318,0.279,0.381,0.39,0.305,0.142,0.562,0.559,0.633,0.469,0.301,0.251,0.587,0.195,0.428,-0.1888,0.154,0.27,0.291,0.3178,-0.011,0.254,0.617,0.206,0.307,0.436,0.513
13223,0.255,0.367,0.215,0.105,0.377,0.268,0.006,0.36,0.217,0.227,0.239,0.345,0.325,0.175,0.028,0.444,0.51,0.518,0.464,0.1,0.159,0.406,0.07,0.335,-0.3171,0.072,0.218,0.141,0.1653,-0.139,0.176,0.489,0.041,0.246,0.31,0.386
13231,0.165,0.365,0.216,0.227,0.368,0.295,0.071,0.421,0.25,0.331,0.297,0.499,0.187,0.179,0.079,0.378,0.508,0.562,0.477,0.182,0.263,0.181,0.11,0.41,-0.1216,0.044,0.261,0.092,0.3171,0.003,0.149,0.462,0.014,0.283,0.268,0.324
13232,0.231,0.359,0.119,0.124,0.318,0.232,-0.029,0.335,0.182,0.24,0.208,0.339,0.187,0.146,-0.011,0.326,0.445,0.519,0.396,0.058,0.171,0.155,0.073,0.317,-0.2717,-0.018,0.21,0.048,0.2619,-0.151,0.117,0.451,-0.057,0.22,0.24,0.278
13233,0.004,0.292,0.101,0.021,0.273,0.015,-0.147,0.216,-0.117,0.149,0.168,0.303,0.122,0.084,-0.125,0.208,0.396,0.404,0.391,-0.143,0.079,-0.026,0.015,0.224,-0.4,-0.1,0.159,-0.102,0.1094,-0.279,0.039,0.323,-0.222,0.159,0.123,0.151
13311,0.349,0.318,0.435,0.364,0.449,0.56,0.184,0.538,0.55,0.423,0.401,0.568,0.502,0.241,0.311,0.556,0.613,0.556,0.535,0.486,0.409,0.504,-0.085,0.578,0.0421,0.181,0.325,0.092,0.3732,0.141,0.299,0.618,0.342,0.404,0.431,0.534
13312,0.337,0.431,0.338,0.261,0.399,0.497,0.084,0.452,0.482,0.332,0.312,0.408,0.502,0.197,0.221,0.504,0.55,0.513,0.454,0.362,0.317,0.478,0.118,0.485,-0.108,0.119,0.274,0.048,0.318,-0.013,0.267,0.607,0.271,0.341,0.414,0.488
13313,0.187,0.245,0.185,0.158,0.354,0.28,-0.034,0.333,0.183,0.241,0.272,0.372,0.437,0.113,0.107,0.386,0.501,0.398,0.449,0.161,0.225,0.297,-0.18,0.392,-0.2363,0.037,0.223,-0.102,0.1655,-0.141,0.189,0.479,0.106,0.28,0.286,0.361
13321,0.288,0.397,0.367,0.28,0.385,0.515,0.074,0.446,0.488,0.345,0.308,0.457,0.39,0.235,0.199,0.501,0.533,0.519,0.481,0.4,0.33,0.447,0.045,0.467,-0.1041,0.092,0.266,0.035,0.3387,0.02,0.227,0.554,0.219,0.32,0.397,0.467
13322,0.354,0.392,0.27,0.177,0.335,0.452,-0.026,0.36,0.42,0.254,0.219,0.297,0.39,0.192,0.109,0.449,0.47,0.476,0.4,0.276,0.238,0.421,0.008,0.374,-0.2542,0.03,0.215,-0.009,0.2835,-0.134,0.195,0.543,0.148,0.257,0.37,0.421
13323,0.127,0.324,0.118,0.074,0.29,0.235,-0.144,0.241,0.121,0.163,0.179,0.261,0.325,0.11,-0.005,0.331,0.421,0.361,0.395,0.075,0.146,0.24,-0.049,0.281,-0.3825,-0.052,0.163,-0.159,0.131,-0.262,0.117,0.415,-0.017,0.196,0.253,0.294
13331,0.114,0.204,0.101,0.196,0.281,0.262,-0.079,0.302,0.154,0.267,0.238,0.415,0.187,0.113,0.046,0.265,0.419,0.405,0.408,0.157,0.25,0.015,-0.25,0.356,-0.187,-0.08,0.206,-0.13,0.2828,-0.12,0.09,0.388,-0.044,0.233,0.199,0.232
13332,0.102,0.317,0.02,0.093,0.231,0.199,-0.179,0.216,0.086,0.176,0.149,0.255,0.187,0.092,-0.044,0.213,0.356,0.362,0.327,0.033,0.158,-0.011,-0.047,0.263,-0.3371,-0.142,0.155,-0.174,0.2276,-0.274,0.058,0.377,-0.115,0.17,0.182,0.186
13333,-0.05,0.148,0.02,-0.01,0.186,-0.018,-0.243,0.097,-0.213,0.085,0.109,0.219,0.122,0.053,-0.158,0.095,0.307,0.247,0.322,-0.168,0.066,-0.192,-0.278,0.17,-0.4654,-0.224,0.104,-0.324,0.0751,-0.402,-0.02,0.249,-0.28,0.109,0.084,0.059
21111,0.824,0.744,0.827,0.774,0.731,0.843,0.8,0.862,0.833,0.649,0.806,0.784,0.9,0.874,0.845,0.924,0.773,0.854,0.849,0.893,0.721,0.899,0.695,0.666,0.8322,0.87,0.76,0.682,0.9027,0.692,0.677,0.862,0.85,0.774,0.854,0.844
21112,0.772,0.652,0.73,0.671,0.681,0.78,0.7,0.776,0.765,0.558,0.717,0.624,0.9,0.715,0.755,0.872,0.71,0.811,0.768,0.769,0.629,0.873,0.658,0.573,0.6821,0.808,0.709,0.638,0.8475,0.538,0.645,0.851,0.779,0.711,0.827,0.798
21113,0.385,0.52,0.43,0.312,0.636,0.563,0.474,0.635,0.466,0.467,0.448,0.588,0.512,0.409,0.467,0.754,0.661,0.646,0.647,0.334,0.32,0.692,0.499,0.48,0.2633,0.435,0.446,0.488,0.262,0.22,0.428,0.723,0.345,0.435,0.543,0.671
21121,0.724,0.619,0.76,0.69,0.667,0.798,0.69,0.77,0.771,0.571,0.713,0.673,0.788,0.852,0.733,0.869,0.693,0.817,0.795,0.807,0.641,0.842,0.585,0.555,0.686,0.781,0.7,0.625,0.8682,0.571,0.605,0.798,0.727,0.69,0.81,0.777
21122,0.692,0.567,0.663,0.587,0.617,0.735,0.59,0.684,0.703,0.48,0.624,0.513,0.788,0.697,0.643,0.817,0.63,0.774,0.714,0.683,0.549,0.816,0.548,0.462,0.5359,0.719,0.649,0.581,0.813,0.417,0.573,0.787,0.656,0.627,0.761,0.731
21123,0.402,0.481,0.362,0.228,0.572,0.518,0.364,0.543,0.404,0.389,0.355,0.477,0.4,0.399,0.355,0.699,0.581,0.609,0.593,0.248,0.24,0.635,0.389,0.369,0.1171,0.346,0.386,0.431,0.2275,0.099,0.356,0.659,0.222,0.351,0.499,0.604
21131,0.312,0.479,0.378,0.35,0.563,0.545,0.429,0.604,0.437,0.493,0.414,0.631,0.262,0.408,0.406,0.633,0.579,0.653,0.606,0.33,0.344,0.41,0.428,0.444,0.3126,0.318,0.429,0.382,0.3793,0.241,0.329,0.632,0.195,0.388,0.456,0.542
21132,0.378,0.473,0.281,0.247,0.513,0.482,0.329,0.518,0.369,0.402,0.325,0.471,0.262,0.334,0.316,0.581,0.516,0.61,0.525,0.206,0.252,0.384,0.392,0.351,0.1625,0.256,0.378,0.338,0.3241,0.087,0.297,0.621,0.124,0.325,0.429,0.496
21133,0.161,0.388,0.166,0.144,0.468,0.265,0.157,0.399,0.07,0.311,0.285,0.435,0.197,0.191,0.202,0.463,0.467,0.495,0.52,0.005,0.16,0.203,0.267,0.258,0.0342,0.174,0.327,0.188,0.1716,-0.041,0.219,0.493,-0.041,0.264,0.282,0.369
21211,0.742,0.594,0.774,0.743,0.634,0.771,0.674,0.788,0.785,0.585,0.78,0.737,0.9,0.77,0.689,0.882,0.729,0.803,0.796,0.861,0.707,0.853,0.592,0.612,0.5767,0.799,0.705,0.558,0.8015,0.607,0.618,0.819,0.814,0.743,0.843,0.801
21212,0.711,0.543,0.677,0.64,0.584,0.708,0.574,0.702,0.717,0.494,0.691,0.577,0.9,0.629,0.599,0.83,0.666,0.76,0.715,0.737,0.615,0.827,0.556,0.519,0.4266,0.737,0.654,0.514,0.7463,0.453,0.586,0.808,0.743,0.68,0.794,0.755
21213,0.421,0.456,0.377,0.281,0.539,0.491,0.348,0.561,0.418,0.403,0.422,0.541,0.512,0.36,0.311,0.712,0.617,0.595,0.594,0.302,0.306,0.646,0.397,0.426,0.0078,0.364,0.391,0.364,0.1608,0.135,0.369,0.68,0.309,0.404,0.533,0.628
21221,0.662,0.509,0.707,0.659,0.57,0.726,0.564,0.696,0.723,0.507,0.687,0.626,0.788,0.75,0.577,0.827,0.649,0.766,0.742,0.775,0.627,0.796,0.482,0.501,0.4305,0.71,0.645,0.501,0.767,0.486,0.546,0.755,0.691,0.659,0.778,0.734
21222,0.651,0.498,0.61,0.556,0.52,0.663,0.464,0.61,0.655,0.416,0.598,0.466,0.788,0.613,0.487,0.775,0.586,0.723,0.661,0.651,0.535,0.77,0.446,0.408,0.2804,0.648,0.594,0.457,0.7118,0.332,0.514,0.744,0.62,0.596,0.708,0.688
21223,0.458,0.457,0.309,0.197,0.475,0.446,0.238,0.469,0.356,0.325,0.329,0.43,0.4,0.351,0.199,0.657,0.537,0.558,0.54,0.216,0.227,0.589,0.287,0.315,-0.1384,0.275,0.331,0.307,0.1263,0.014,0.297,0.616,0.186,0.32,0.467,0.561
21231,0.348,0.415,0.325,0.319,0.466,0.473,0.303,0.53,0.389,0.429,0.387,0.584,0.262,0.36,0.25,0.591,0.535,0.602,0.553,0.298,0.331,0.364,0.326,0.39,0.0571,0.247,0.374,0.258,0.2781,0.156,0.27,0.589,0.159,0.357,0.446,0.499
21232,0.433,0.449,0.228,0.216,0.416,0.41,0.203,0.444,0.321,0.338,0.298,0.424,0.262,0.294,0.16,0.539,0.472,0.559,0.472,0.174,0.239,0.338,0.289,0.297,-0.093,0.185,0.323,0.214,0.2229,0.002,0.238,0.578,0.088,0.294,0.397,0.453
21233,0.197,0.325,0.113,0.113,0.371,0.193,0.031,0.325,0.022,0.247,0.258,0.388,0.197,0.168,0.046,0.421,0.423,0.444,0.467,-0.027,0.147,0.157,0.164,0.204,-0.2213,0.103,0.271,0.064,0.0704,-0.126,0.16,0.45,-0.077,0.233,0.271,0.326
21311,0.454,0.487,0.688,0.456,0.547,0.738,0.416,0.647,0.689,0.521,0.491,0.653,0.577,0.484,0.482,0.769,0.64,0.596,0.611,0.602,0.477,0.687,0.372,0.558,0.2208,0.384,0.438,0.263,0.3342,0.294,0.42,0.745,0.487,0.478,0.619,0.709
21312,0.52,0.481,0.592,0.353,0.497,0.675,0.316,0.561,0.621,0.43,0.402,0.493,0.577,0.396,0.392,0.717,0.577,0.553,0.53,0.478,0.385,0.661,0.335,0.465,0.0707,0.322,0.387,0.219,0.279,0.14,0.388,0.734,0.416,0.415,0.592,0.663
21313,0.303,0.396,0.334,0.25,0.452,0.458,0.144,0.442,0.322,0.339,0.362,0.457,0.512,0.227,0.278,0.599,0.528,0.438,0.525,0.277,0.293,0.48,0.21,0.372,-0.0576,0.24,0.336,0.069,0.1265,0.012,0.31,0.606,0.251,0.354,0.445,0.536
21321,0.471,0.447,0.621,0.372,0.483,0.693,0.306,0.555,0.627,0.443,0.398,0.542,0.465,0.472,0.37,0.714,0.56,0.559,0.557,0.516,0.397,0.63,0.262,0.447,0.0746,0.295,0.378,0.206,0.2997,0.173,0.348,0.681,0.364,0.394,0.575,0.642
21322,0.557,0.482,0.524,0.269,0.433,0.63,0.206,0.469,0.559,0.352,0.309,0.382,0.465,0.386,0.28,0.662,0.497,0.516,0.476,0.392,0.305,0.604,0.225,0.354,-0.0755,0.233,0.327,0.162,0.2445,0.019,0.316,0.67,0.293,0.331,0.527,0.596
21323,0.32,0.357,0.266,0.166,0.388,0.413,0.034,0.35,0.26,0.261,0.269,0.346,0.4,0.221,0.166,0.544,0.448,0.401,0.471,0.191,0.213,0.423,0.1,0.261,-0.2038,0.151,0.276,0.012,0.092,-0.109,0.238,0.542,0.128,0.27,0.401,0.469
21331,0.23,0.355,0.264,0.288,0.379,0.44,0.099,0.411,0.293,0.365,0.328,0.5,0.262,0.226,0.217,0.478,0.446,0.445,0.484,0.273,0.317,0.198,0.14,0.336,-0.0083,0.123,0.319,0.041,0.2438,0.033,0.211,0.515,0.101,0.307,0.358,0.407
21332,0.295,0.35,0.168,0.185,0.329,0.377,-0.001,0.325,0.225,0.274,0.239,0.34,0.262,0.185,0.127,0.426,0.383,0.402,0.403,0.149,0.225,0.172,0.103,0.243,-0.1584,0.061,0.268,-0.003,0.1886,-0.121,0.179,0.504,0.03,0.244,0.331,0.361
21333,0.068,0.282,0.095,0.082,0.284,0.16,-0.119,0.206,-0.074,0.183,0.199,0.304,0.197,0.106,0.013,0.308,0.334,0.287,0.398,-0.052,0.133,-0.009,0.045,0.15,-0.2867,-0.021,0.216,-0.153,0.0361,-0.249,0.101,0.376,-0.135,0.183,0.214,0.234
22111,0.725,0.619,0.74,0.691,0.619,0.772,0.682,0.757,0.77,0.537,0.689,0.686,0.813,0.707,0.633,0.867,0.719,0.808,0.752,0.811,0.649,0.845,0.537,0.573,0.6707,0.736,0.659,0.563,0.8751,0.525,0.556,0.798,0.746,0.681,0.808,0.752
22112,0.694,0.567,0.643,0.588,0.569,0.709,0.582,0.671,0.702,0.446,0.6,0.526,0.813,0.578,0.543,0.815,0.656,0.765,0.671,0.687,0.557,0.819,0.5,0.48,0.5206,0.674,0.608,0.519,0.8199,0.371,0.524,0.787,0.675,0.618,0.759,0.706
22113,0.404,0.481,0.343,0.229,0.524,0.492,0.356,0.53,0.403,0.355,0.331,0.49,0.425,0.331,0.255,0.697,0.607,0.6,0.55,0.252,0.249,0.638,0.342,0.387,0.1018,0.301,0.345,0.369,0.2344,0.053,0.307,0.659,0.241,0.342,0.497,0.579
22121,0.645,0.533,0.673,0.607,0.555,0.727,0.572,0.665,0.708,0.459,0.596,0.575,0.701,0.689,0.521,0.812,0.639,0.771,0.698,0.725,0.569,0.788,0.427,0.462,0.5245,0.647,0.599,0.506,0.8406,0.404,0.484,0.734,0.623,0.597,0.742,0.685
22122,0.634,0.522,0.576,0.504,0.505,0.664,0.472,0.579,0.64,0.368,0.507,0.415,0.701,0.563,0.431,0.76,0.576,0.728,0.617,0.601,0.477,0.762,0.39,0.369,0.3744,0.585,0.548,0.462,0.7854,0.25,0.452,0.723,0.552,0.534,0.672,0.639
22123,0.442,0.481,0.275,0.145,0.46,0.447,0.246,0.438,0.341,0.277,0.238,0.379,0.313,0.322,0.143,0.642,0.527,0.563,0.496,0.166,0.169,0.581,0.232,0.276,-0.0444,0.212,0.285,0.312,0.1999,-0.068,0.235,0.595,0.118,0.258,0.432,0.512
22131,0.331,0.44,0.291,0.267,0.451,0.474,0.311,0.499,0.374,0.381,0.296,0.533,0.175,0.33,0.194,0.576,0.525,0.607,0.509,0.248,0.273,0.356,0.271,0.351,0.1511,0.184,0.328,0.263,0.3517,0.074,0.208,0.568,0.091,0.295,0.41,0.45
22132,0.417,0.474,0.194,0.164,0.401,0.411,0.211,0.413,0.306,0.29,0.207,0.373,0.175,0.27,0.104,0.524,0.462,0.564,0.428,0.124,0.181,0.33,0.234,0.258,0.001,0.122,0.277,0.219,0.2965,-0.08,0.176,0.557,0.02,0.232,0.361,0.404
22133,0.18,0.349,0.086,0.061,0.356,0.194,0.039,0.294,0.007,0.199,0.167,0.337,0.11,0.155,-0.01,0.406,0.413,0.449,0.423,-0.077,0.089,0.149,0.109,0.165,-0.1273,0.04,0.225,0.069,0.144,-0.208,0.098,0.429,-0.145,0.171,0.236,0.277
22211,0.664,0.509,0.687,0.66,0.522,0.7,0.556,0.683,0.722,0.473,0.662,0.639,0.813,0.622,0.477,0.825,0.675,0.757,0.699,0.779,0.636,0.799,0.435,0.519,0.4152,0.665,0.604,0.439,0.7739,0.44,0.497,0.755,0.71,0.65,0.775,0.709
22212,0.652,0.498,0.59,0.557,0.472,0.637,0.456,0.597,0.654,0.382,0.573,0.479,0.813,0.508,0.387,0.773,0.612,0.714,0.618,0.655,0.544,0.773,0.398,0.426,0.2651,0.603,0.553,0.395,0.7187,0.286,0.465,0.744,0.639,0.587,0.705,0.663
22213,0.46,0.457,0.29,0.198,0.427,0.42,0.23,0.456,0.355,0.291,0.305,0.443,0.425,0.291,0.099,0.655,0.563,0.549,0.497,0.22,0.235,0.592,0.239,0.333,-0.1537,0.23,0.29,0.245,0.1332,-0.032,0.248,0.616,0.205,0.311,0.465,0.536
22221,0.604,0.464,0.619,0.576,0.458,0.655,0.446,0.591,0.66,0.395,0.57,0.528,0.701,0.606,0.365,0.77,0.595,0.72,0.645,0.693,0.556,0.742,0.325,0.408,0.269,0.576,0.544,0.382,0.7394,0.319,0.425,0.691,0.587,0.566,0.689,0.642
22222,0.612,0.492,0.523,0.473,0.408,0.592,0.297,0.505,0.592,0.304,0.48,0.368,0.701,0.495,0.275,0.718,0.532,0.677,0.564,0.569,0.464,0.716,0.288,0.315,0.1189,0.514,0.493,0.338,0.6842,0.165,0.393,0.68,0.516,0.503,0.597,0.596
22223,0.517,0.497,0.222,0.114,0.363,0.375,0.071,0.364,0.293,0.213,0.212,0.332,0.313,0.284,-0.013,0.6,0.483,0.512,0.443,0.134,0.155,0.535,0.129,0.222,-0.2999,0.141,0.23,0.188,0.0987,-0.153,0.176,0.552,0.082,0.227,0.378,0.469
22231,0.387,0.416,0.238,0.236,0.354,0.402,0.185,0.425,0.326,0.317,0.27,0.486,0.175,0.291,0.038,0.534,0.481,0.556,0.456,0.216,0.259,0.31,0.169,0.297,-0.1044,0.113,0.273,0.139,0.2505,-0.011,0.149,0.525,0.055,0.264,0.378,0.407
22232,0.493,0.49,0.141,0.133,0.304,0.339,0.036,0.339,0.258,0.226,0.181,0.326,0.175,0.237,-0.052,0.482,0.418,0.513,0.375,0.092,0.167,0.284,0.132,0.204,-0.2545,0.051,0.222,0.095,0.1953,-0.165,0.117,0.514,-0.016,0.201,0.308,0.361
22233,0.236,0.325,0.033,0.03,0.259,0.122,-0.136,0.22,-0.041,0.135,0.141,0.29,0.11,0.136,-0.166,0.364,0.369,0.398,0.37,-0.109,0.076,0.103,0.007,0.111,-0.3828,-0.031,0.17,-0.055,0.0428,-0.293,0.039,0.386,-0.181,0.14,0.204,0.234
22311,0.473,0.447,0.601,0.373,0.435,0.667,0.298,0.542,0.626,0.409,0.374,0.555,0.49,0.391,0.27,0.712,0.586,0.55,0.514,0.52,0.406,0.633,0.215,0.465,0.0593,0.25,0.337,0.144,0.3066,0.127,0.299,0.681,0.383,0.385,0.573,0.617
22312,0.559,0.482,0.505,0.27,0.385,0.604,0.198,0.456,0.558,0.318,0.285,0.395,0.49,0.32,0.18,0.66,0.523,0.507,0.433,0.396,0.314,0.607,0.178,0.372,-0.0908,0.188,0.286,0.1,0.2514,-0.027,0.267,0.67,0.312,0.322,0.524,0.571
22313,0.322,0.357,0.247,0.167,0.34,0.387,0.026,0.337,0.259,0.227,0.245,0.359,0.425,0.183,0.066,0.542,0.474,0.392,0.428,0.195,0.222,0.426,0.053,0.279,-0.2191,0.106,0.234,-0.05,0.0989,-0.155,0.189,0.542,0.147,0.261,0.399,0.444
22321,0.51,0.448,0.534,0.289,0.371,0.622,0.188,0.45,0.564,0.331,0.281,0.444,0.378,0.381,0.158,0.657,0.506,0.513,0.46,0.434,0.326,0.576,0.105,0.354,-0.0869,0.161,0.277,0.087,0.2721,0.006,0.227,0.617,0.26,0.301,0.508,0.55
22322,0.616,0.522,0.437,0.186,0.321,0.559,0.039,0.364,0.496,0.24,0.192,0.284,0.378,0.312,0.068,0.605,0.443,0.47,0.379,0.31,0.234,0.55,0.068,0.261,-0.237,0.099,0.226,0.043,0.2169,-0.148,0.195,0.606,0.189,0.238,0.437,0.504
22323,0.359,0.357,0.179,0.083,0.276,0.342,-0.133,0.245,0.197,0.149,0.152,0.248,0.313,0.179,-0.046,0.487,0.394,0.355,0.374,0.109,0.142,0.369,-0.057,0.168,-0.3653,0.017,0.175,-0.107,0.0644,-0.276,0.117,0.478,0.024,0.177,0.333,0.377
22331,0.249,0.316,0.177,0.205,0.267,0.369,-0.019,0.306,0.23,0.253,0.21,0.402,0.175,0.183,0.005,0.421,0.392,0.399,0.387,0.191,0.246,0.144,-0.018,0.243,-0.1698,-0.011,0.218,-0.078,0.2162,-0.134,0.09,0.451,-0.003,0.214,0.312,0.315
22332,0.334,0.35,0.081,0.102,0.217,0.306,-0.168,0.22,0.162,0.162,0.121,0.242,0.175,0.149,-0.085,0.369,0.329,0.356,0.306,0.067,0.154,0.118,-0.055,0.15,-0.3199,-0.073,0.166,-0.122,0.161,-0.288,0.058,0.44,-0.074,0.151,0.263,0.269
22333,0.088,0.243,0.008,-0.001,0.172,0.089,-0.286,0.101,-0.137,0.071,0.081,0.206,0.11,0.086,-0.199,0.251,0.28,0.241,0.301,-0.134,0.062,-0.063,-0.113,0.057,-0.4482,-0.155,0.115,-0.272,0.0085,-0.416,-0.02,0.312,-0.239,0.09,0.167,0.142
23111,0.311,0.458,0.56,0.352,0.513,0.619,0.406,0.632,0.641,0.425,0.422,0.641,0.403,0.411,0.345,0.678,0.671,0.668,0.573,0.507,0.361,0.664,0.335,0.48,0.1952,0.27,0.346,0.345,0.4421,0.226,0.296,0.69,0.367,0.414,0.522,0.613
23112,0.377,0.452,0.463,0.249,0.463,0.556,0.306,0.546,0.573,0.334,0.332,0.481,0.403,0.336,0.255,0.626,0.608,0.625,0.492,0.383,0.269,0.638,0.298,0.387,0.0451,0.208,0.295,0.301,0.3869,0.072,0.264,0.679,0.296,0.351,0.495,0.567
23113,0.16,0.367,0.268,0.146,0.418,0.339,0.134,0.427,0.274,0.243,0.292,0.445,0.338,0.193,0.141,0.508,0.559,0.51,0.487,0.182,0.177,0.457,0.173,0.294,-0.0832,0.126,0.243,0.151,0.2344,-0.056,0.186,0.551,0.131,0.29,0.348,0.44
23121,0.329,0.418,0.493,0.268,0.449,0.574,0.296,0.54,0.579,0.347,0.328,0.53,0.291,0.401,0.233,0.623,0.591,0.631,0.519,0.421,0.282,0.607,0.225,0.369,0.049,0.181,0.286,0.288,0.4076,0.105,0.224,0.626,0.244,0.33,0.478,0.546
23122,0.414,0.453,0.396,0.165,0.399,0.511,0.196,0.454,0.511,0.256,0.239,0.37,0.291,0.328,0.143,0.571,0.528,0.588,0.438,0.297,0.19,0.581,0.188,0.276,-0.1011,0.119,0.235,0.244,0.3524,-0.049,0.192,0.615,0.173,0.267,0.43,0.5
23123,0.178,0.328,0.2,0.062,0.354,0.294,0.024,0.335,0.212,0.165,0.2,0.334,0.226,0.188,0.029,0.453,0.479,0.473,0.433,0.096,0.098,0.4,0.063,0.183,-0.2294,0.037,0.184,0.094,0.1999,-0.177,0.114,0.487,0.008,0.206,0.304,0.373
23131,0.087,0.326,0.201,0.184,0.345,0.321,0.089,0.396,0.245,0.269,0.258,0.488,0.088,0.192,0.08,0.387,0.477,0.517,0.446,0.178,0.202,0.175,0.103,0.258,-0.0339,0.009,0.227,0.045,0.3517,-0.035,0.087,0.46,-0.019,0.243,0.261,0.311
23132,0.153,0.32,0.104,0.081,0.295,0.258,-0.011,0.31,0.177,0.178,0.169,0.328,0.088,0.157,-0.01,0.335,0.414,0.474,0.365,0.054,0.11,0.149,0.066,0.165,-0.184,-0.053,0.175,0.001,0.2965,-0.189,0.055,0.449,-0.09,0.18,0.234,0.265
23133,-0.07,0.253,0.086,-0.022,0.25,0.041,-0.129,0.191,-0.122,0.087,0.129,0.292,0.023,0.09,-0.124,0.217,0.365,0.359,0.36,-0.147,0.018,-0.032,0.008,0.072,-0.3123,-0.135,0.124,-0.149,0.144,-0.317,-0.023,0.321,-0.255,0.119,0.117,0.138
23211,0.347,0.394,0.507,0.321,0.416,0.547,0.28,0.558,0.593,0.361,0.395,0.594,0.403,0.362,0.189,0.636,0.627,0.617,0.52,0.475,0.348,0.618,0.233,0.426,-0.0603,0.199,0.291,0.173,0.3409,0.141,0.237,0.647,0.331,0.383,0.512,0.57
23212,0.433,0.428,0.41,0.218,0.366,0.484,0.18,0.472,0.525,0.27,0.306,0.434,0.403,0.296,0.099,0.584,0.564,0.574,0.439,0.351,0.256,0.592,0.196,0.333,-0.2104,0.137,0.24,0.129,0.2857,-0.013,0.205,0.636,0.26,0.32,0.463,0.524
23213,0.196,0.303,0.215,0.115,0.321,0.267,0.008,0.353,0.226,0.179,0.266,0.398,0.338,0.169,-0.015,0.466,0.515,0.459,0.434,0.15,0.164,0.411,0.071,0.24,-0.3387,0.055,0.188,-0.021,0.1332,-0.141,0.127,0.508,0.095,0.259,0.337,0.397
23221,0.384,0.394,0.44,0.237,0.352,0.502,0.17,0.466,0.531,0.283,0.302,0.483,0.291,0.353,0.077,0.581,0.547,0.58,0.466,0.389,0.268,0.561,0.123,0.315,-0.2065,0.11,0.231,0.116,0.3064,0.02,0.165,0.583,0.208,0.299,0.446,0.503
23222,0.49,0.469,0.343,0.134,0.302,0.439,0.021,0.38,0.463,0.192,0.213,0.323,0.291,0.288,-0.013,0.529,0.484,0.537,0.385,0.265,0.176,0.535,0.086,0.222,-0.3566,0.048,0.18,0.072,0.2512,-0.134,0.133,0.572,0.137,0.236,0.376,0.457
23223,0.234,0.304,0.147,0.031,0.257,0.222,-0.151,0.261,0.164,0.101,0.173,0.287,0.226,0.165,-0.127,0.411,0.435,0.422,0.38,0.064,0.084,0.354,-0.039,0.129,-0.4849,-0.034,0.129,-0.078,0.0987,-0.262,0.055,0.444,-0.028,0.175,0.272,0.33
23231,0.123,0.262,0.148,0.153,0.248,0.249,-0.037,0.322,0.197,0.205,0.231,0.441,0.088,0.169,-0.076,0.345,0.433,0.466,0.393,0.146,0.188,0.129,0,0.204,-0.2894,-0.062,0.172,-0.127,0.2505,-0.12,0.028,0.417,-0.055,0.212,0.25,0.268
23232,0.209,0.297,0.051,0.05,0.198,0.186,-0.186,0.236,0.129,0.114,0.142,0.281,0.088,0.138,-0.166,0.293,0.37,0.423,0.312,0.022,0.096,0.103,-0.036,0.111,-0.4395,-0.124,0.12,-0.171,0.1953,-0.274,-0.004,0.406,-0.126,0.149,0.202,0.222
23233,-0.038,0.189,0.033,-0.053,0.153,-0.031,-0.304,0.117,-0.17,0.023,0.102,0.245,0.023,0.079,-0.28,0.175,0.321,0.308,0.307,-0.179,0.004,-0.078,-0.094,0.018,-0.5678,-0.206,0.069,-0.321,0.0428,-0.402,-0.082,0.278,-0.291,0.088,0.106,0.095
23311,0.229,0.334,0.367,0.29,0.329,0.514,0.076,0.439,0.497,0.297,0.336,0.51,0.403,0.228,0.156,0.523,0.538,0.46,0.451,0.45,0.334,0.452,0.046,0.372,-0.1257,0.075,0.236,-0.074,0.3066,0.018,0.178,0.573,0.273,0.333,0.424,0.478
23312,0.295,0.328,0.27,0.187,0.279,0.451,-0.024,0.353,0.429,0.206,0.246,0.35,0.403,0.186,0.066,0.471,0.475,0.417,0.37,0.326,0.242,0.426,0.009,0.279,-0.2758,0.013,0.184,-0.118,0.2514,-0.136,0.146,0.562,0.202,0.27,0.397,0.432
23313,0.068,0.261,0.117,0.084,0.234,0.234,-0.142,0.234,0.13,0.115,0.207,0.314,0.338,0.107,-0.048,0.353,0.426,0.302,0.365,0.125,0.15,0.245,-0.048,0.186,-0.4041,-0.069,0.133,-0.268,0.0989,-0.264,0.068,0.434,0.037,0.209,0.279,0.305
23321,0.246,0.295,0.299,0.206,0.265,0.469,-0.034,0.347,0.435,0.219,0.242,0.399,0.291,0.222,0.044,0.468,0.458,0.423,0.397,0.364,0.254,0.395,-0.064,0.261,-0.2719,-0.014,0.176,-0.131,0.2721,-0.103,0.106,0.509,0.15,0.249,0.38,0.411
23322,0.332,0.329,0.202,0.103,0.215,0.406,-0.183,0.261,0.367,0.128,0.153,0.239,0.291,0.181,-0.046,0.416,0.395,0.38,0.316,0.24,0.162,0.369,-0.101,0.168,-0.422,-0.076,0.125,-0.175,0.2169,-0.257,0.074,0.498,0.079,0.186,0.331,0.365
23323,0.085,0.221,0.05,0,0.17,0.189,-0.301,0.142,0.068,0.037,0.113,0.203,0.226,0.104,-0.16,0.298,0.346,0.265,0.311,0.039,0.07,0.188,-0.158,0.075,-0.5503,-0.158,0.074,-0.325,0.0644,-0.385,-0.004,0.37,-0.086,0.125,0.235,0.238
23331,-0.005,0.22,0.033,0.122,0.161,0.216,-0.187,0.203,0.101,0.141,0.172,0.357,0.088,0.106,-0.109,0.232,0.344,0.309,0.324,0.121,0.174,-0.037,-0.119,0.15,-0.3548,-0.186,0.116,-0.296,0.2162,-0.243,-0.031,0.343,-0.113,0.162,0.193,0.176
23332,0.06,0.214,-0.048,0.019,0.111,0.153,-0.336,0.117,0.033,0.05,0.083,0.197,0.088,0.087,-0.199,0.18,0.281,0.266,0.243,-0.003,0.083,-0.063,-0.156,0.057,-0.5049,-0.248,0.065,-0.34,0.161,-0.397,-0.063,0.332,-0.184,0.099,0.165,0.13
23333,-0.177,0.164,-0.048,-0.084,0.066,-0.064,-0.4,-0.002,-0.266,-0.041,0.043,0.161,0.023,0.05,-0.313,0.062,0.232,0.151,0.238,-0.204,-0.01,-0.244,-0.147,-0.036,-0.6332,-0.33,0.014,-0.49,0.0085,-0.525,-0.141,0.204,-0.349,0.038,0.077,0.003
31111,0.368,0.373,0.522,0.444,0.488,0.567,0.487,0.693,0.475,0.523,0.46,0.612,0.347,0.363,0.454,0.482,0.43,0.482,0.626,0.534,0.429,0.62,0.11,0.46,0.4055,0.255,0.458,-0.223,0.4065,0.353,0.227,0.495,0.336,0.448,0.442,0.696
31112,0.356,0.485,0.425,0.341,0.438,0.504,0.387,0.607,0.407,0.432,0.371,0.452,0.347,0.297,0.364,0.43,0.367,0.439,0.545,0.41,0.337,0.594,0.313,0.367,0.2554,0.193,0.407,-0.267,0.3513,0.199,0.195,0.484,0.265,0.385,0.426,0.65
31113,0.217,0.282,0.137,0.238,0.393,0.287,0.215,0.488,0.108,0.341,0.331,0.416,0.282,0.17,0.25,0.312,0.318,0.324,0.54,0.209,0.245,0.413,-0.052,0.274,0.1271,0.111,0.356,-0.304,0.1988,0.071,0.117,0.356,0.1,0.324,0.268,0.523
31121,0.308,0.451,0.454,0.36,0.424,0.522,0.377,0.601,0.413,0.445,0.367,0.501,0.235,0.354,0.342,0.427,0.35,0.445,0.572,0.448,0.349,0.563,0.24,0.349,0.2593,0.166,0.399,-0.28,0.372,0.232,0.155,0.431,0.213,0.364,0.409,0.629
31122,0.373,0.446,0.357,0.257,0.374,0.459,0.277,0.515,0.345,0.354,0.278,0.341,0.235,0.29,0.252,0.375,0.287,0.402,0.491,0.324,0.257,0.537,0.203,0.256,0.1092,0.104,0.348,-0.324,0.3168,0.078,0.123,0.42,0.142,0.301,0.382,0.583
31123,0.157,0.361,0.07,0.154,0.329,0.242,0.105,0.396,0.046,0.263,0.238,0.305,0.17,0.166,0.138,0.257,0.238,0.287,0.486,0.123,0.165,0.356,0.078,0.163,-0.0191,0.022,0.296,-0.361,0.1643,-0.05,0.045,0.292,-0.023,0.24,0.235,0.456
31131,0.144,0.241,0.164,0.276,0.32,0.269,0.17,0.457,0.079,0.367,0.297,0.459,0.032,0.17,0.189,0.191,0.236,0.331,0.499,0.205,0.269,0.131,-0.123,0.238,0.1764,-0.006,0.339,-0.342,0.3161,0.092,0.018,0.265,-0.05,0.277,0.181,0.394
31132,0.132,0.354,0.067,0.173,0.27,0.206,0.07,0.371,0.011,0.276,0.208,0.299,0.032,0.139,0.099,0.139,0.173,0.288,0.418,0.081,0.177,0.105,0.081,0.145,0.0263,-0.068,0.288,-0.386,0.2609,-0.062,-0.014,0.254,-0.121,0.214,0.165,0.348
31133,-0.017,0.168,-0.035,0.07,0.225,-0.011,-0.048,0.252,-0.288,0.185,0.168,0.263,-0.033,0.079,-0.015,0.021,0.124,0.173,0.413,-0.12,0.085,-0.076,-0.217,0.052,-0.102,-0.15,0.237,-0.423,0.1084,-0.19,-0.092,0.126,-0.286,0.153,0.037,0.221
31211,0.326,0.427,0.468,0.413,0.391,0.495,0.361,0.619,0.427,0.459,0.434,0.565,0.347,0.32,0.298,0.44,0.386,0.431,0.573,0.502,0.415,0.574,0.248,0.406,0.15,0.184,0.403,-0.294,0.3053,0.268,0.168,0.452,0.3,0.417,0.442,0.653
31212,0.392,0.422,0.372,0.31,0.341,0.432,0.261,0.533,0.359,0.368,0.345,0.405,0.347,0.262,0.208,0.388,0.323,0.388,0.492,0.378,0.323,0.548,0.211,0.313,-1.00E-04,0.122,0.352,-0.338,0.2501,0.114,0.136,0.441,0.229,0.354,0.415,0.607
31213,0.175,0.337,0.084,0.207,0.296,0.215,0.089,0.414,0.06,0.277,0.305,0.369,0.282,0.15,0.094,0.27,0.274,0.273,0.487,0.177,0.231,0.367,0.086,0.22,-0.1284,0.04,0.301,-0.375,0.0976,-0.014,0.058,0.313,0.064,0.293,0.268,0.48
31221,0.344,0.388,0.401,0.329,0.327,0.45,0.251,0.527,0.365,0.381,0.341,0.454,0.235,0.312,0.186,0.385,0.306,0.394,0.519,0.416,0.335,0.517,0.138,0.295,0.0038,0.095,0.344,-0.351,0.2708,0.147,0.096,0.388,0.177,0.333,0.398,0.586
31222,0.429,0.422,0.304,0.226,0.277,0.387,0.151,0.441,0.297,0.29,0.252,0.294,0.235,0.255,0.096,0.333,0.243,0.351,0.438,0.292,0.243,0.491,0.101,0.202,-0.1463,0.033,0.293,-0.395,0.2156,-0.007,0.064,0.377,0.106,0.27,0.35,0.54
31223,0.193,0.297,0.017,0.123,0.232,0.17,-0.021,0.322,-0.002,0.199,0.212,0.258,0.17,0.146,-0.018,0.215,0.194,0.236,0.433,0.091,0.151,0.31,-0.024,0.109,-0.2746,-0.049,0.241,-0.432,0.0631,-0.135,-0.014,0.249,-0.059,0.209,0.224,0.413
31231,0.102,0.296,0.111,0.245,0.223,0.197,0.044,0.383,0.031,0.303,0.27,0.412,0.032,0.149,0.033,0.149,0.192,0.28,0.446,0.173,0.256,0.085,0.015,0.184,-0.0791,-0.077,0.284,-0.413,0.2149,0.007,-0.041,0.222,-0.086,0.246,0.181,0.351
31232,0.168,0.29,0.014,0.142,0.173,0.134,-0.056,0.297,-0.037,0.212,0.181,0.252,0.032,0.122,-0.057,0.097,0.129,0.237,0.365,0.049,0.164,0.059,-0.021,0.091,-0.2292,-0.139,0.233,-0.457,0.1597,-0.147,-0.073,0.211,-0.157,0.183,0.154,0.305
31233,-0.059,0.222,-0.088,0.039,0.128,-0.083,-0.174,0.178,-0.336,0.121,0.141,0.216,-0.033,0.07,-0.171,-0.021,0.08,0.122,0.36,-0.152,0.072,-0.122,-0.079,-0.002,-0.3575,-0.221,0.182,-0.494,0.0072,-0.275,-0.151,0.083,-0.322,0.122,0.036,0.178
31311,0.286,0.249,0.358,0.382,0.304,0.462,0.157,0.5,0.331,0.395,0.374,0.481,0.347,0.201,0.265,0.327,0.297,0.274,0.504,0.477,0.402,0.408,-0.179,0.352,0.0846,0.06,0.348,-0.434,0.271,0.145,0.109,0.378,0.242,0.367,0.344,0.561
31312,0.274,0.362,0.261,0.279,0.254,0.399,0.057,0.414,0.263,0.304,0.285,0.321,0.347,0.165,0.175,0.275,0.234,0.231,0.423,0.353,0.31,0.382,0.024,0.259,-0.0655,-0.002,0.297,-0.478,0.2158,-0.009,0.077,0.367,0.171,0.304,0.327,0.515
31313,0.125,0.176,0.016,0.176,0.209,0.182,-0.061,0.295,-0.036,0.213,0.245,0.285,0.282,0.094,0.061,0.157,0.185,0.116,0.418,0.152,0.218,0.201,-0.274,0.166,-0.1938,-0.084,0.246,-0.515,0.0633,-0.137,-0.001,0.239,0.006,0.243,0.199,0.388
31321,0.226,0.328,0.29,0.298,0.24,0.417,0.047,0.408,0.269,0.317,0.281,0.37,0.235,0.196,0.153,0.272,0.217,0.237,0.45,0.391,0.322,0.351,-0.049,0.241,-0.0616,-0.029,0.289,-0.491,0.2365,0.024,0.037,0.314,0.119,0.283,0.311,0.494
31322,0.291,0.322,0.193,0.195,0.19,0.354,-0.053,0.322,0.201,0.226,0.192,0.21,0.235,0.16,0.063,0.22,0.154,0.194,0.369,0.267,0.23,0.325,-0.086,0.148,-0.2117,-0.091,0.237,-0.535,0.1813,-0.13,0.005,0.303,0.048,0.22,0.283,0.448
31323,0.064,0.255,-0.051,0.092,0.145,0.137,-0.171,0.203,-0.098,0.135,0.152,0.174,0.17,0.092,-0.051,0.102,0.105,0.079,0.364,0.066,0.138,0.144,-0.143,0.055,-0.34,-0.173,0.186,-0.572,0.0288,-0.258,-0.073,0.175,-0.117,0.159,0.166,0.321
31331,0.051,0.135,0.025,0.214,0.136,0.164,-0.106,0.264,-0.065,0.239,0.211,0.328,0.032,0.094,0,0.036,0.103,0.123,0.377,0.148,0.242,-0.081,-0.344,0.13,-0.1445,-0.201,0.229,-0.475,0.1806,-0.116,-0.1,0.148,-0.144,0.196,0.112,0.259
31332,0.039,0.247,-0.071,0.111,0.086,0.101,-0.206,0.178,-0.133,0.148,0.122,0.168,0.032,0.077,-0.09,-0.016,0.04,0.08,0.296,0.024,0.15,-0.107,-0.141,0.037,-0.2946,-0.263,0.178,-0.519,0.1254,-0.27,-0.132,0.137,-0.215,0.133,0.096,0.213
31333,-0.12,0.079,-0.131,0.008,0.041,-0.116,-0.27,0.059,-0.432,0.057,0.082,0.132,-0.033,0.044,-0.204,-0.134,-0.009,-0.035,0.291,-0.177,0.058,-0.288,-0.372,-0.056,-0.4229,-0.345,0.127,-0.556,-0.0271,-0.398,-0.21,0.009,-0.38,0.072,-0.003,0.086
32111,0.309,0.452,0.434,0.361,0.376,0.496,0.369,0.588,0.412,0.411,0.343,0.514,0.26,0.294,0.242,0.425,0.376,0.436,0.529,0.452,0.357,0.566,0.192,0.367,0.244,0.121,0.357,-0.342,0.3789,0.186,0.106,0.431,0.232,0.355,0.407,0.604
32112,0.375,0.446,0.338,0.258,0.326,0.433,0.269,0.502,0.344,0.32,0.254,0.354,0.26,0.24,0.152,0.373,0.313,0.393,0.448,0.328,0.265,0.54,0.156,0.274,0.0939,0.059,0.306,-0.386,0.3237,0.032,0.074,0.42,0.161,0.292,0.379,0.558
32113,0.159,0.361,0.05,0.155,0.281,0.216,0.097,0.383,0.045,0.229,0.214,0.318,0.195,0.138,0.038,0.255,0.264,0.278,0.443,0.127,0.173,0.359,0.031,0.181,-0.0344,-0.023,0.255,-0.423,0.1712,-0.096,-0.004,0.292,-0.004,0.231,0.232,0.431
32121,0.327,0.412,0.367,0.277,0.312,0.451,0.259,0.496,0.35,0.333,0.25,0.403,0.148,0.286,0.13,0.37,0.296,0.399,0.475,0.366,0.278,0.509,0.083,0.256,0.0978,0.032,0.298,-0.399,0.3444,0.065,0.034,0.367,0.109,0.271,0.363,0.537
32122,0.413,0.447,0.27,0.174,0.262,0.388,0.159,0.41,0.282,0.242,0.161,0.243,0.148,0.234,0.04,0.318,0.233,0.356,0.394,0.242,0.186,0.483,0.046,0.163,-0.0523,-0.03,0.246,-0.443,0.2892,-0.089,0.002,0.356,0.038,0.208,0.314,0.491
32123,0.176,0.322,-0.017,0.071,0.217,0.171,-0.013,0.291,-0.017,0.151,0.121,0.207,0.083,0.134,-0.074,0.2,0.184,0.241,0.389,0.041,0.094,0.302,-0.079,0.07,-0.1806,-0.112,0.195,-0.48,0.1367,-0.217,-0.076,0.228,-0.127,0.147,0.188,0.364
32131,0.085,0.32,0.077,0.193,0.208,0.198,0.052,0.352,0.016,0.255,0.179,0.361,-0.055,0.137,-0.023,0.134,0.182,0.285,0.402,0.123,0.198,0.077,-0.04,0.145,0.0149,-0.14,0.238,-0.461,0.2885,-0.075,-0.103,0.201,-0.154,0.184,0.145,0.302
32132,0.151,0.314,-0.02,0.09,0.158,0.135,-0.048,0.266,-0.052,0.164,0.09,0.201,-0.055,0.112,-0.113,0.082,0.119,0.242,0.321,-0.001,0.106,0.051,-0.077,0.052,-0.1352,-0.202,0.187,-0.505,0.2333,-0.229,-0.135,0.19,-0.225,0.121,0.118,0.256
32133,-0.076,0.247,-0.083,-0.013,0.113,-0.082,-0.166,0.147,-0.351,0.073,0.05,0.165,-0.12,0.064,-0.227,-0.036,0.07,0.127,0.316,-0.202,0.014,-0.13,-0.135,-0.041,-0.2635,-0.284,0.136,-0.542,0.0808,-0.357,-0.213,0.062,-0.39,0.06,0.001,0.129
32211,0.345,0.388,0.381,0.33,0.279,0.424,0.243,0.514,0.364,0.347,0.317,0.467,0.26,0.259,0.086,0.383,0.332,0.385,0.476,0.42,0.344,0.52,0.09,0.313,-0.0115,0.05,0.302,-0.413,0.2777,0.101,0.047,0.388,0.196,0.324,0.396,0.561
32212,0.431,0.422,0.285,0.227,0.229,0.361,0.143,0.428,0.296,0.256,0.228,0.307,0.26,0.211,-0.004,0.331,0.269,0.342,0.395,0.296,0.252,0.494,0.053,0.22,-0.1616,-0.012,0.251,-0.457,0.2225,-0.053,0.015,0.377,0.125,0.261,0.347,0.515
32213,0.195,0.297,-0.003,0.124,0.184,0.144,-0.029,0.309,-0.003,0.165,0.188,0.271,0.195,0.121,-0.118,0.213,0.22,0.227,0.39,0.095,0.16,0.313,-0.072,0.127,-0.2899,-0.094,0.2,-0.494,0.07,-0.181,-0.063,0.249,-0.04,0.2,0.222,0.388
32221,0.383,0.388,0.314,0.246,0.215,0.379,0.133,0.422,0.302,0.269,0.224,0.356,0.148,0.252,-0.026,0.328,0.252,0.348,0.422,0.334,0.264,0.463,-0.02,0.202,-0.1577,-0.039,0.243,-0.47,0.2432,-0.02,-0.025,0.324,0.073,0.24,0.33,0.494
32222,0.488,0.462,0.217,0.143,0.165,0.316,-0.016,0.336,0.234,0.178,0.135,0.196,0.148,0.206,-0.116,0.276,0.189,0.305,0.341,0.21,0.172,0.437,-0.057,0.109,-0.3078,-0.101,0.191,-0.514,0.188,-0.174,-0.057,0.313,0.002,0.177,0.26,0.448
32223,0.232,0.298,-0.071,0.04,0.12,0.099,-0.188,0.217,-0.065,0.087,0.095,0.16,0.083,0.118,-0.23,0.158,0.14,0.19,0.336,0.009,0.08,0.256,-0.181,0.016,-0.4361,-0.183,0.14,-0.551,0.0355,-0.302,-0.135,0.185,-0.163,0.116,0.156,0.321
32231,0.121,0.256,0.024,0.162,0.111,0.126,-0.074,0.278,-0.032,0.191,0.153,0.314,-0.055,0.121,-0.179,0.092,0.138,0.234,0.349,0.091,0.184,0.031,-0.142,0.091,-0.2406,-0.211,0.183,-0.532,0.1873,-0.16,-0.162,0.158,-0.19,0.153,0.135,0.259
32232,0.207,0.291,-0.073,0.059,0.061,0.063,-0.223,0.192,-0.1,0.1,0.064,0.154,-0.055,0.099,-0.269,0.04,0.075,0.191,0.268,-0.033,0.092,0.005,-0.179,-0.002,-0.3907,-0.273,0.132,-0.576,0.1321,-0.314,-0.194,0.147,-0.261,0.09,0.086,0.213
32233,-0.04,0.183,-0.136,-0.044,0.016,-0.154,-0.341,0.073,-0.399,0.009,0.024,0.118,-0.12,0.057,-0.383,-0.078,0.026,0.076,0.263,-0.234,0,-0.176,-0.237,-0.095,-0.519,-0.355,0.081,-0.613,-0.0204,-0.442,-0.272,0.019,-0.426,0.029,-0.01,0.086
32311,0.227,0.328,0.271,0.299,0.192,0.391,0.039,0.395,0.268,0.283,0.257,0.383,0.26,0.163,0.053,0.27,0.243,0.228,0.407,0.395,0.33,0.354,-0.096,0.259,-0.0769,-0.074,0.247,-0.553,0.2434,-0.022,-0.012,0.314,0.138,0.274,0.308,0.469
32312,0.293,0.322,0.174,0.196,0.142,0.328,-0.061,0.309,0.2,0.192,0.168,0.223,0.26,0.133,-0.037,0.218,0.18,0.185,0.326,0.271,0.238,0.328,-0.133,0.166,-0.227,-0.136,0.196,-0.597,0.1882,-0.176,-0.044,0.303,0.067,0.211,0.281,0.423
32313,0.066,0.255,-0.071,0.093,0.097,0.111,-0.179,0.19,-0.099,0.101,0.128,0.187,0.195,0.076,-0.151,0.1,0.131,0.07,0.321,0.07,0.146,0.147,-0.191,0.073,-0.3553,-0.218,0.145,-0.634,0.0357,-0.304,-0.122,0.175,-0.098,0.15,0.164,0.296
32321,0.245,0.288,0.203,0.215,0.128,0.346,-0.071,0.303,0.206,0.205,0.164,0.272,0.148,0.159,-0.059,0.215,0.163,0.191,0.353,0.309,0.25,0.297,-0.206,0.148,-0.2231,-0.163,0.188,-0.61,0.2089,-0.143,-0.084,0.25,0.015,0.19,0.264,0.402
32322,0.33,0.323,0.106,0.112,0.078,0.283,-0.22,0.217,0.138,0.114,0.075,0.112,0.148,0.13,-0.149,0.163,0.1,0.148,0.272,0.185,0.158,0.271,-0.243,0.055,-0.3732,-0.225,0.136,-0.654,0.1537,-0.297,-0.116,0.239,-0.056,0.127,0.216,0.356
32323,0.083,0.215,-0.138,0.009,0.033,0.066,-0.338,0.098,-0.161,0.023,0.035,0.076,0.083,0.074,-0.263,0.045,0.051,0.033,0.267,-0.016,0.066,0.09,-0.301,-0.038,-0.5015,-0.307,0.085,-0.691,0.0012,-0.425,-0.194,0.111,-0.221,0.066,0.12,0.229
32331,-0.007,0.214,-0.062,0.131,0.024,0.093,-0.224,0.159,-0.128,0.127,0.093,0.23,-0.055,0.076,-0.212,-0.021,0.049,0.077,0.28,0.066,0.171,-0.135,-0.262,0.037,-0.306,-0.335,0.128,-0.594,0.153,-0.283,-0.221,0.084,-0.248,0.103,0.077,0.167
32332,0.059,0.208,-0.158,0.028,-0.026,0.03,-0.373,0.073,-0.196,0.036,0.004,0.07,-0.055,0.062,-0.302,-0.073,-0.014,0.034,0.199,-0.058,0.079,-0.161,-0.299,-0.056,-0.4561,-0.397,0.077,-0.638,0.0978,-0.437,-0.253,0.073,-0.319,0.04,0.049,0.121
32333,-0.179,0.158,-0.206,-0.075,-0.071,-0.187,-0.437,-0.046,-0.495,-0.055,-0.036,0.034,-0.12,0.036,-0.416,-0.191,-0.063,-0.081,0.194,-0.259,-0.013,-0.342,-0.289,-0.149,-0.5844,-0.479,0.025,-0.675,-0.0547,-0.565,-0.331,-0.055,-0.484,-0.021,-0.038,-0.006
33111,0.143,0.22,0.318,0.278,0.27,0.343,0.147,0.485,0.283,0.299,0.304,0.469,0.173,0.171,0.128,0.236,0.328,0.346,0.466,0.382,0.286,0.385,-0.216,0.274,0.059,-0.054,0.256,-0.378,0.3789,0.077,-0.015,0.323,0.122,0.303,0.247,0.465
33112,0.131,0.332,0.222,0.175,0.22,0.28,0.047,0.399,0.215,0.208,0.215,0.309,0.173,0.14,0.038,0.184,0.265,0.303,0.385,0.258,0.194,0.359,-0.013,0.181,-0.0911,-0.116,0.205,-0.422,0.3237,-0.077,-0.047,0.312,0.051,0.24,0.23,0.419
33113,-0.018,0.146,0.039,0.072,0.175,0.063,-0.071,0.28,-0.084,0.117,0.176,0.273,0.108,0.08,-0.076,0.066,0.216,0.188,0.38,0.057,0.102,0.178,-0.311,0.088,-0.2194,-0.198,0.154,-0.459,0.1712,-0.205,-0.125,0.184,-0.114,0.179,0.102,0.292
33121,0.083,0.299,0.251,0.194,0.206,0.298,0.037,0.393,0.221,0.221,0.212,0.358,0.061,0.167,0.016,0.181,0.248,0.309,0.412,0.296,0.206,0.328,-0.086,0.163,-0.0872,-0.143,0.196,-0.435,0.3444,-0.044,-0.087,0.259,-0.001,0.219,0.214,0.398
33122,0.149,0.293,0.154,0.091,0.156,0.235,-0.063,0.307,0.153,0.13,0.122,0.198,0.061,0.136,-0.074,0.129,0.185,0.266,0.331,0.172,0.114,0.302,-0.123,0.07,-0.2373,-0.205,0.145,-0.479,0.2892,-0.198,-0.119,0.248,-0.072,0.156,0.186,0.352
33123,-0.078,0.225,-0.029,-0.012,0.111,0.018,-0.181,0.188,-0.146,0.039,0.083,0.162,-0.004,0.078,-0.188,0.011,0.136,0.151,0.326,-0.029,0.022,0.121,-0.18,-0.023,-0.3656,-0.287,0.094,-0.516,0.1367,-0.326,-0.197,0.12,-0.237,0.095,0.069,0.225
33131,-0.091,0.105,0.051,0.11,0.102,0.045,-0.116,0.249,-0.113,0.143,0.141,0.316,-0.142,0.08,-0.137,-0.055,0.134,0.195,0.339,0.053,0.126,-0.104,-0.381,0.052,-0.1701,-0.315,0.137,-0.497,0.2885,-0.184,-0.224,0.093,-0.264,0.132,0.016,0.163
33132,-0.103,0.218,-0.045,0.007,0.052,-0.018,-0.216,0.163,-0.181,0.052,0.052,0.156,-0.142,0.065,-0.227,-0.107,0.071,0.152,0.258,-0.071,0.034,-0.13,-0.178,-0.041,-0.3202,-0.377,0.086,-0.541,0.2333,-0.338,-0.256,0.082,-0.335,0.069,-0.001,0.117
33133,-0.263,0.05,-0.083,-0.096,0.007,-0.235,-0.28,0.044,-0.48,-0.039,0.012,0.12,-0.207,0.037,-0.341,-0.225,0.022,0.037,0.253,-0.272,-0.058,-0.311,-0.409,-0.134,-0.4485,-0.459,0.034,-0.578,0.0808,-0.466,-0.334,-0.046,-0.5,0.008,-0.1,-0.01
33211,0.102,0.274,0.265,0.247,0.173,0.271,0.021,0.411,0.235,0.235,0.278,0.422,0.173,0.15,-0.028,0.194,0.284,0.295,0.413,0.35,0.272,0.339,-0.078,0.22,-0.1965,-0.125,0.201,-0.497,0.2777,-0.008,-0.074,0.28,0.086,0.272,0.247,0.422
33212,0.167,0.269,0.168,0.144,0.123,0.208,-0.079,0.325,0.167,0.144,0.189,0.262,0.173,0.123,-0.118,0.142,0.221,0.252,0.332,0.226,0.18,0.313,-0.115,0.127,-0.3466,-0.187,0.15,-0.541,0.2225,-0.162,-0.106,0.269,0.015,0.209,0.22,0.376
33213,-0.06,0.201,-0.014,0.041,0.078,-0.009,-0.197,0.206,-0.132,0.053,0.149,0.226,0.108,0.07,-0.232,0.024,0.172,0.137,0.327,0.025,0.088,0.132,-0.173,0.034,-0.4749,-0.269,0.099,-0.578,0.07,-0.29,-0.184,0.141,-0.15,0.148,0.102,0.249
33221,0.119,0.235,0.198,0.163,0.109,0.226,-0.089,0.319,0.173,0.157,0.185,0.311,0.061,0.147,-0.14,0.139,0.204,0.258,0.359,0.264,0.193,0.282,-0.188,0.109,-0.3427,-0.214,0.141,-0.554,0.2432,-0.129,-0.146,0.216,-0.037,0.188,0.203,0.355
33222,0.205,0.269,0.101,0.06,0.059,0.163,-0.238,0.233,0.105,0.066,0.096,0.151,0.061,0.12,-0.23,0.087,0.141,0.215,0.278,0.14,0.101,0.256,-0.225,0.016,-0.4928,-0.276,0.09,-0.598,0.188,-0.283,-0.178,0.205,-0.108,0.125,0.154,0.309
33223,-0.042,0.162,-0.082,-0.043,0.014,-0.054,-0.356,0.114,-0.194,-0.025,0.056,0.115,-0.004,0.069,-0.344,-0.031,0.092,0.1,0.273,-0.061,0.009,0.075,-0.283,-0.077,-0.6211,-0.358,0.039,-0.635,0.0355,-0.411,-0.256,0.077,-0.273,0.064,0.058,0.182
33231,-0.133,0.16,-0.002,0.079,0.005,-0.027,-0.242,0.175,-0.161,0.079,0.114,0.269,-0.142,0.07,-0.293,-0.097,0.09,0.144,0.286,0.021,0.113,-0.15,-0.243,-0.002,-0.4256,-0.386,0.082,-0.616,0.1873,-0.269,-0.283,0.05,-0.3,0.101,0.015,0.12
33232,-0.067,0.155,-0.098,-0.024,-0.045,-0.09,-0.391,0.089,-0.229,-0.012,0.025,0.109,-0.142,0.057,-0.383,-0.149,0.027,0.101,0.205,-0.103,0.021,-0.176,-0.28,-0.095,-0.5757,-0.448,0.031,-0.66,0.1321,-0.423,-0.315,0.039,-0.371,0.038,-0.012,0.074
33233,-0.305,0.104,-0.136,-0.127,-0.09,-0.307,-0.455,-0.03,-0.528,-0.103,-0.015,0.073,-0.207,0.033,-0.497,-0.267,-0.022,-0.014,0.2,-0.304,-0.071,-0.357,-0.271,-0.188,-0.704,-0.53,-0.021,-0.697,-0.0204,-0.551,-0.393,-0.089,-0.536,-0.023,-0.1,-0.053
33311,0.051,0.113,0.1,0.216,0.086,0.238,-0.129,0.292,0.139,0.171,0.218,0.338,0.173,0.095,-0.061,0.081,0.195,0.138,0.344,0.325,0.259,0.173,-0.438,0.166,-0.2619,-0.249,0.146,-0.589,0.2434,-0.131,-0.133,0.206,0.028,0.222,0.178,0.33
33312,0.039,0.226,0.003,0.113,0.036,0.175,-0.229,0.206,0.071,0.08,0.129,0.178,0.173,0.077,-0.151,0.029,0.132,0.095,0.263,0.201,0.167,0.147,-0.234,0.073,-0.412,-0.311,0.095,-0.633,0.1882,-0.285,-0.165,0.195,-0.043,0.159,0.162,0.284
33313,-0.121,0.057,-0.137,0.01,-0.009,-0.042,-0.293,0.087,-0.228,-0.011,0.089,0.142,0.108,0.044,-0.265,-0.089,0.083,-0.02,0.258,0,0.075,-0.034,-0.465,-0.02,-0.5403,-0.393,0.043,-0.67,0.0357,-0.413,-0.243,0.067,-0.208,0.098,0.063,0.157
33321,-0.01,0.192,0.032,0.132,0.022,0.193,-0.239,0.2,0.077,0.093,0.125,0.227,0.061,0.092,-0.173,0.026,0.115,0.101,0.29,0.239,0.179,0.116,-0.307,0.055,-0.4081,-0.338,0.086,-0.646,0.2089,-0.252,-0.205,0.142,-0.095,0.138,0.145,0.263
33322,0.056,0.187,-0.065,0.029,-0.028,0.13,-0.388,0.114,0.009,0.002,0.036,0.067,0.061,0.075,-0.263,-0.026,0.052,0.058,0.209,0.115,0.087,0.09,-0.344,-0.038,-0.5582,-0.4,0.035,-0.69,0.1537,-0.406,-0.237,0.131,-0.166,0.075,0.118,0.217
33323,-0.181,0.136,-0.199,-0.074,-0.073,-0.087,-0.452,-0.005,-0.29,-0.089,-0.004,0.031,-0.004,0.043,-0.377,-0.144,0.003,-0.057,0.204,-0.086,-0.005,-0.091,-0.335,-0.131,-0.6865,-0.482,-0.016,-0.727,0.0012,-0.534,-0.315,0.003,-0.331,0.014,0.03,0.09
33331,-0.194,0.016,-0.143,0.048,-0.082,-0.06,-0.338,0.056,-0.257,0.015,0.055,0.185,-0.142,0.044,-0.326,-0.21,0.001,-0.013,0.217,-0.004,0.099,-0.316,-0.536,-0.056,-0.491,-0.51,0.027,-0.63,0.153,-0.392,-0.342,-0.024,-0.358,0.051,-0.024,0.028
33332,-0.206,0.129,-0.217,-0.055,-0.132,-0.123,-0.487,-0.03,-0.325,-0.076,-0.034,0.025,-0.142,0.036,-0.416,-0.262,-0.062,-0.056,0.136,-0.128,0.007,-0.342,-0.333,-0.149,-0.6411,-0.572,-0.024,-0.674,0.0978,-0.546,-0.374,-0.035,-0.429,-0.012,-0.04,-0.018
33333,-0.376,-0.022,-0.217,-0.177,-0.497,-0.624,-0.167,-0.149,-0.074,-0.011,0.021,-0.654,-0.085,-0.111,-0.34,-0.171,-0.329,0.131,-0.452,-0.523,-0.496,-0.242,-0.076,-0.7694,-0.53,-0.163,-0.711,-0.0547,-0.145,,-0.073,-0.109,-0.38,-0.158,,
,,,,,,,,-0.207,,,,,,,,,,,,,,,,-0.674,,,,,,,,,,,,
